sale_id,date,product_id,store_id,quantity,price
1311,2024-04-19,6,1,1,3895.31
9426,,8,5,1,100.0
127,2024-04-06,6,8,2,3924.72
544,2023-07-31,14,1,5,77.82
351,2024-05-29,10,3,2,527.24
1491,2024-05-12,9,8,2,356.48
775,2024-11-05,6,6,2,4121.62
1292,2023-11-24,5,6,2,9963.94
1062,2024-01-25,11,7,5,312.13
164,2024-02-18,14,1,5,78.7
145,2024-03-02,10,4,5,512.79
977,2023-02-10,8,8,5,44.08
736,2023-05-15,5,1,1,9613.54
1075,2023-02-14,13,6,5,1036.09
30,2024-08-03,15,2,4,205.29
218,2023-05-06,15,8,1,202.24
1121,2023-10-07,4,5,1,8554.22
523,2023-03-06,9,3,3,342.93
190,2024-09-16,14,4,4,82.26
36,2023-03-14,11,1,2,286.07
984,2024-05-24,13,3,5,977.33
1196,2023-10-11,13,6,3,965.23
1038,2024-09-03,9,3,2,349.02
29,2024-01-07,14,5,2,75.51
563,2024-12-21,3,4,2,23935.27
65,2023-10-11,2,6,1,55743.99
1247,2023-05-20,8,4,3,47.14
884,2024-04-02,13,3,1,970.47
270,2024-04-25,8,5,3,45.41
1387,2023-09-15,10,8,5,502.42
792,2024-03-08,13,2,1,987.1
42,2023-12-14,13,2,2,968.19
1057,2024-05-18,8,3,2,43.77
632,2024-05-29,7,5,2,84.78
565,2023-12-18,14,7,2,78.82
936,2023-01-24,4,4,2,9385.95
1194,2024-11-03,13,3,1,1018.55
232,2024-10-10,9,6,4,366.26
953,2024-03-08,10,5,3,526.7
1299,2023-03-31,15,7,2,198.81
304,2023-01-06,14,1,3,76.75
500,2023-11-30,8,7,3,43.26
1,2024-10-16,4,5,1,8741.17
887,2024-09-06,8,2,3,43.75
1129,2023-04-06,13,8,1,994.56
786,2023-12-18,15,8,2,191.8
535,2024-08-01,1,4,2,28588.55
214,2023-06-08,14,2,4,79.91
285,2024-11-17,11,2,4,299.25
1452,2024-08-22,5,1,1,9906.5
1413,2023-08-30,7,3,4,90.17
721,2024-05-27,4,7,2,8911.88
271,2023-12-27,9,5,4,347.32
1011,2023-02-08,11,7,1,307.38
332,2023-06-07,11,6,3,297.32
116,2023-07-24,14,3,2,76.05
459,2023-12-27,5,8,1,10406.48
1471,2023-10-30,9,2,1,349.47
1258,2024-07-25,12,7,2,62603.0
362,2023-06-13,14,6,2,81.08
895,2024-07-26,15,6,3,208.22
1250,2023-12-18,6,5,1,4105.53
681,2023-03-10,3,7,2,25881.2
426,2024-10-18,15,7,3,208.81
1191,2023-10-18,6,1,1,4037.64
1339,2024-05-27,13,4,5,1006.02
746,2023-10-30,5,8,1,10178.02
371,2024-02-08,7,6,5,92.91
427,2024-01-27,8,7,4,43.11
1049,2023-05-29,10,3,3,496.57
735,2023-06-18,15,7,1,193.6
1349,2023-10-25,15,7,2,206.1
1391,2023-03-03,9,6,4,336.71
843,2024-06-03,10,7,5,504.09
547,2024-11-26,14,3,4,82.31
1426,2024-03-15,10,3,1,542.77
469,2024-04-15,9,4,3,355.42
154,2023-06-19,13,5,4,961.47
1009,2024-08-05,15,2,3,204.83
899,2024-06-09,15,5,4,208.27
1439,2024-07-26,1,3,2,28999.93
1178,2024-02-27,13,4,4,1021.58
1111,2023-11-06,5,5,1,9602.62
9869,,4,8,2,100.0
1310,2023-11-06,14,5,4,79.47
981,2023-01-01,13,7,2,1037.25
435,2023-02-19,6,1,2,3965.65
221,2024-07-21,5,4,1,9818.73
1195,2023-09-17,7,2,4,92.76
448,2024-08-24,11,4,4,290.3
1405,2023-04-20,5,5,2,9898.47
286,2023-01-19,7,3,2,87.59
506,2024-06-02,15,7,5,189.78
728,2024-10-10,8,7,4,44.47
946,2023-08-21,13,8,3,985.59
324,2023-03-22,8,3,5,44.07
934,2024-09-11,10,5,4,533.58
32,2023-06-19,7,7,2,92.82
95,2023-08-13,5,8,1,10047.35
1217,2024-10-31,10,8,5,500.78
441,2024-03-02,8,5,4,43.58
739,2024-11-08,4,1,1,9160.59
865,2024-09-13,15,8,2,193.42
290,2024-12-10,13,3,4,953.41
756,2023-10-06,14,8,4,80.18
528,2023-07-07,7,3,5,88.01
255,2024-09-05,2,4,2,57438.84
801,2024-09-09,5,4,2,9938.87
732,2023-11-10,5,1,2,10438.01
689,2024-01-17,1,5,2,29331.26
170,2023-10-26,9,5,4,360.68
1494,2024-10-23,7,7,1,85.99
591,2024-08-13,10,8,4,519.56
909,2023-05-03,15,8,5,189.18
1242,2024-03-31,9,6,4,338.49
545,2023-10-15,10,3,3,543.86
9373,,6,3,1,100.0
660,2024-07-14,15,2,3,200.87
1400,2023-03-07,14,7,3,80.36
1076,2023-06-03,5,3,1,10258.89
1230,2023-04-02,11,5,4,304.79
831,2024-09-23,14,4,1,76.48
16,2023-02-27,6,1,2,3950.56
818,2023-06-07,1,6,1,28752.98
1381,2023-07-26,8,2,5,43.71
1352,2024-11-05,11,2,2,295.85
1157,2024-12-13,10,7,5,502.38
1096,2023-01-25,8,2,2,46.35
542,2023-05-01,13,4,2,1030.04
136,2024-07-02,15,3,2,193.36
1158,2024-06-05,8,8,4,44.35
137,2024-05-10,7,5,1,91.96
177,2024-02-25,1,8,2,29648.35
1213,2023-01-26,11,4,4,295.67
1365,2023-05-02,8,6,4,44.74
609,2024-01-17,8,2,5,43.18
798,2024-12-02,7,1,1,91.17
1370,2024-01-22,10,6,3,509.68
1396,2024-07-27,15,7,1,193.07
706,2023-11-06,11,7,5,287.11
1235,2024-07-25,6,2,1,4037.45
554,2024-12-15,7,2,5,88.09
882,2024-07-22,8,5,5,44.3
1259,2023-10-30,6,2,1,3981.93
745,2023-07-24,13,4,3,1019.32
1414,2024-10-21,8,1,3,46.65
19,2023-09-10,12,5,5,64524.89
294,2024-08-07,15,8,3,204.53
1283,2023-05-16,14,5,2,81.29
1054,2024-09-19,6,4,1,4064.76
73,2023-12-07,13,7,2,975.7
117,2024-11-16,4,4,2,9169.32
386,2024-11-28,10,5,5,518.18
323,2024-01-12,15,5,1,203.52
748,2023-04-24,14,8,2,82.55
519,2023-06-13,7,7,4,86.61
691,2024-03-29,13,6,3,1021.86
1455,2023-04-19,14,3,1,75.69
589,2023-10-03,11,2,1,294.07
1204,2024-11-11,8,3,3,46.82
499,2023-11-23,7,8,5,91.51
77,2023-10-13,7,7,5,87.5
790,2024-12-11,10,2,3,522.23
1335,2023-09-17,1,5,1,30753.4
223,2023-05-29,15,5,2,191.24
833,2024-11-18,3,2,1,25553.75
180,2024-03-26,4,8,1,9189.98
881,2024-02-28,9,8,2,344.47
959,2023-06-04,1,4,2,29750.81
157,2024-09-10,6,2,1,4174.3
449,2023-12-07,7,1,2,92.89
915,2024-12-16,9,6,1,331.96
644,2024-01-09,15,6,4,200.71
1227,2023-06-22,11,3,4,291.33
797,2024-12-13,7,1,4,88.0
1050,2024-06-29,15,2,2,195.37
102,2024-07-07,3,3,1,24697.71
1253,2024-04-18,7,7,2,86.76
1245,2023-08-14,3,8,1,25965.83
1162,2024-01-13,4,8,1,8668.24
420,2024-06-06,8,1,4,43.34
1170,2024-10-06,8,3,5,42.98
945,2024-10-17,10,5,3,518.05
115,2023-03-12,13,1,1,1043.92
509,2024-10-22,11,7,3,312.92
836,2024-04-06,7,5,5,85.91
264,2023-11-14,12,4,3,66803.99
903,2024-02-27,15,1,3,193.99
407,2024-10-16,14,7,5,77.64
1437,2024-09-12,15,1,1,194.1
819,2023-02-25,5,5,1,10064.89
1120,2023-10-21,7,6,4,90.52
1421,2024-12-03,8,6,4,44.9
941,2023-10-18,8,3,2,45.12
968,2023-07-23,7,1,2,93.21
80,2023-11-18,8,2,4,46.8
327,2023-12-28,10,7,3,526.24
186,2024-03-20,15,2,4,192.36
781,2024-08-26,15,3,4,189.14
8788,2024-06-15,999,1,1,100.0
1097,2024-02-29,8,6,3,45.27
8518,2024-06-15,999,3,1,100.0
780,2024-10-10,14,2,4,78.66
628,2024-09-26,10,5,4,514.43
266,2023-12-24,7,3,2,85.46
848,2024-08-02,15,3,4,207.74
588,2023-12-22,9,5,2,344.53
390,2024-11-23,9,7,3,364.87
688,2023-12-06,11,1,4,311.58
37,2023-02-02,14,2,5,76.93
949,2024-05-18,15,8,3,189.23
1261,2024-04-19,13,7,2,1027.96
985,2024-02-24,10,2,1,520.2
955,2023-07-06,4,2,2,9095.84
9052,,15,8,2,100.0
1489,2024-12-31,8,7,4,46.07
1163,2024-06-23,15,5,4,199.34
315,2024-07-13,7,3,4,93.28
1379,2024-05-15,4,4,2,8987.06
892,2023-02-06,7,1,2,85.32
403,2024-10-18,9,8,2,361.25
1056,2024-09-11,8,6,2,46.58
724,2023-07-04,13,8,3,1012.09
704,2023-01-09,6,5,2,3959.6
156,2024-05-20,8,1,4,46.06
1019,2023-02-20,9,5,1,345.46
1151,2024-12-20,9,6,4,345.72
800,2024-12-22,11,6,5,300.39
755,2023-12-17,5,7,2,10451.85
1231,2024-05-02,11,4,2,303.18
483,2024-07-20,15,7,2,202.58
1409,2024-09-12,1,1,1,29249.2
1184,2024-06-26,11,1,1,311.49
1459,2024-10-21,7,1,1,89.42
1321,2024-10-05,5,2,1,10033.67
300,2024-02-10,8,4,4,47.23
455,2024-02-28,2,4,1,52329.69
297,2024-07-21,15,2,3,190.72
444,2024-03-02,9,3,4,340.03
188,2023-10-28,7,7,2,86.72
217,2024-10-22,7,7,3,86.24
496,2024-02-10,7,7,3,88.47
279,2023-12-13,11,1,3,286.02
749,2024-06-07,3,2,2,25350.7
924,2023-11-20,13,5,3,1005.21
209,2023-08-28,8,6,5,43.75
901,2024-04-14,11,1,4,287.53
494,2024-01-05,6,4,2,4027.43
373,2023-05-21,11,8,5,297.71
534,2024-03-01,11,8,4,289.05
277,2023-02-10,6,8,2,3999.6
1340,2023-04-12,14,1,5,76.76
1079,2023-09-17,1,8,2,30120.46
165,2023-02-25,5,6,2,10115.28
82,2024-07-05,11,4,3,296.95
308,2023-01-17,10,4,2,508.17
816,2024-10-06,13,7,1,969.59
169,2023-04-27,8,2,2,44.99
1175,2023-06-29,6,4,2,3862.64
1492,2024-06-24,1,6,1,29293.78
425,2024-04-28,1,7,1,30796.65
1125,2023-01-30,8,1,1,44.48
574,2024-11-05,14,4,5,79.84
665,2023-02-20,8,8,2,43.0
1234,2024-10-04,14,5,3,78.36
152,2024-10-02,9,4,4,335.56
8382,2024-06-15,999,7,1,100.0
634,2024-04-28,9,4,2,335.04
553,2023-12-02,9,2,4,353.71
605,2023-12-21,10,1,3,493.13
687,2024-02-17,4,7,1,8896.32
1408,2023-05-29,7,6,3,84.74
962,2023-07-05,5,5,2,10317.92
714,2024-08-08,14,6,2,80.47
1116,2024-04-15,8,2,1,44.15
558,2024-04-15,1,3,2,29859.6
1255,2024-03-03,15,1,4,203.65
1322,2023-11-20,14,5,3,80.47
497,2024-03-16,14,3,3,77.58
1185,2024-10-14,7,7,5,92.72
1223,2024-09-22,6,4,2,3925.1
262,2024-09-24,8,6,1,44.72
431,2024-01-24,14,4,4,77.78
230,2023-04-21,8,8,1,46.8
543,2024-08-25,11,7,2,302.47
1109,2023-11-12,11,6,1,292.17
305,2023-06-03,9,7,1,358.64
1298,2023-10-12,5,2,2,10166.89
620,2024-02-19,14,4,1,78.7
1403,2023-09-01,10,6,3,536.25
171,2024-04-28,6,3,2,3866.55
69,2024-01-09,14,1,3,76.71
1136,2023-03-14,13,8,4,1008.04
1475,2024-02-07,2,7,2,53966.89
880,2024-03-09,9,5,4,357.9
423,2023-08-12,9,1,4,343.57
1083,2023-06-01,2,6,1,53039.91
679,2023-05-10,1,2,2,29096.06
717,2023-05-12,12,3,3,65993.67
830,2024-10-23,14,3,2,76.5
1105,2023-11-20,9,1,2,351.7
155,2024-12-06,7,7,3,89.0
1001,2023-11-28,10,4,4,532.79
1051,2023-05-30,11,6,4,312.79
413,2024-12-21,13,2,3,985.77
1216,2023-12-12,13,1,4,960.86
1149,2023-03-05,7,1,1,90.81
1442,2023-02-15,15,8,3,203.93
34,2024-10-27,7,8,1,86.76
682,2024-06-16,8,1,5,45.39
1021,2023-07-22,8,4,5,45.52
1275,2024-04-13,3,7,1,24461.14
381,2023-09-06,1,2,1,28547.29
1384,2023-03-10,9,8,4,338.87
162,2024-12-11,8,7,5,42.92
649,2023-01-02,15,7,5,189.69
716,2023-06-24,14,3,3,75.82
89,2024-11-22,5,8,1,10148.69
333,2023-03-20,9,6,4,342.52
796,2024-04-08,4,4,2,8754.1
747,2024-05-07,7,1,1,90.53
110,2024-06-30,1,7,1,28742.26
9694,,3,3,3,100.0
1260,2023-11-09,5,8,1,10465.94
220,2023-09-07,15,4,1,205.56
9874,,12,2,3,100.0
278,2024-09-16,5,6,2,9877.53
1328,2023-11-16,11,3,4,310.65
1290,2023-06-01,7,3,5,87.23
1373,2023-12-20,15,7,3,190.17
1415,2024-05-18,8,7,3,45.98
288,2023-04-14,9,1,3,362.14
166,2023-02-22,5,3,2,9928.18
777,2023-06-18,8,7,1,43.89
877,2023-01-08,9,2,5,331.8
1306,2024-06-21,15,2,5,204.1
492,2023-10-03,7,8,2,85.11
1222,2024-08-28,2,2,1,54974.29
489,2023-12-29,9,6,4,331.98
1274,2024-11-20,15,2,2,206.8
341,2023-07-25,13,4,4,951.68
1026,2024-09-23,14,8,5,76.2
113,2024-01-24,7,7,3,91.98
696,2023-07-25,14,4,1,78.66
1183,2023-01-13,7,8,4,90.59
1086,2024-09-17,10,3,4,531.94
1468,2024-12-31,5,8,1,9780.91
730,2024-06-27,5,1,1,9716.54
1420,2023-03-26,4,4,1,9301.92
1004,2023-05-19,15,5,1,195.03
683,2024-03-05,4,3,1,9049.87
1033,2024-11-10,9,5,2,333.65
103,2023-06-06,11,2,4,296.24
1024,2024-03-09,7,4,3,87.62
561,2024-11-11,14,3,1,78.18
1210,2023-06-30,9,7,2,341.98
791,2024-08-19,9,7,5,341.53
1404,2024-02-04,13,4,4,970.83
374,2024-09-12,14,3,3,82.41
1167,2024-04-25,8,8,5,46.05
590,2024-03-15,7,2,3,90.89
943,2024-04-23,15,5,5,197.9
1487,2024-04-05,9,4,3,351.42
584,2024-02-05,9,2,3,355.93
354,2024-03-02,10,1,4,539.19
1385,2023-03-20,10,5,5,534.78
53,2023-08-29,8,4,5,45.43
738,2023-09-19,13,1,5,1048.42
821,2024-02-19,8,1,4,45.78
832,2024-08-03,14,8,5,75.63
329,2024-11-26,5,1,1,10338.32
638,2024-12-18,7,3,5,92.99
1342,2023-04-12,15,8,3,202.94
25,2023-06-11,8,5,5,46.18
357,2023-06-11,8,8,4,43.67
1441,2024-12-28,9,3,3,335.63
722,2023-06-04,4,4,2,8908.36
273,2023-04-03,10,7,4,523.17
434,2023-04-14,10,8,5,527.93
1448,2024-12-23,8,2,4,42.93
980,2024-04-05,7,5,5,87.82
937,2024-12-18,12,4,2,64320.9
538,2024-07-10,14,6,5,81.55
670,2024-01-26,7,8,1,86.89
1351,2024-11-21,8,2,4,44.72
79,2023-09-29,1,7,2,30675.41
140,2024-12-15,15,8,1,206.42
811,2024-04-01,6,4,1,4062.84
424,2023-03-07,9,1,1,365.97
418,2024-06-01,5,3,1,9818.29
669,2024-11-07,7,7,2,87.85
9161,,12,5,3,100.0
498,2024-12-12,5,6,1,10454.11
380,2024-06-20,10,7,2,535.69
1127,2024-10-06,14,8,5,77.86
1318,2023-05-30,7,3,3,86.0
1249,2023-05-20,4,8,2,8916.48
91,2023-08-29,11,4,2,288.46
1495,2023-07-16,8,8,2,45.03
311,2024-07-11,9,1,4,362.03
742,2023-04-14,10,5,5,524.48
760,2023-04-26,14,8,1,75.55
1346,2024-01-05,11,1,1,293.86
1236,2024-07-06,9,8,2,341.2
1343,2023-07-09,8,2,2,46.51
1190,2024-06-21,4,8,2,8737.76
863,2023-07-04,9,7,5,365.38
366,2024-09-03,14,8,3,79.29
1209,2023-12-15,3,8,2,25359.33
516,2024-12-14,8,2,3,42.95
281,2024-11-03,15,3,3,190.67
1206,2023-03-13,9,1,4,364.85
464,2024-06-28,9,1,1,350.03
502,2024-04-17,15,4,4,204.92
1181,2024-05-02,12,4,4,66182.63
238,2023-03-29,3,2,2,25769.11
876,2024-07-10,8,4,1,45.94
879,2023-06-08,8,5,3,46.6
1041,2023-01-19,7,6,3,90.11
932,2023-12-12,8,7,1,43.11
597,2024-03-02,15,6,3,205.49
550,2024-08-14,10,7,4,516.51
1031,2023-12-06,5,4,1,10036.38
6,2023-12-15,7,4,3,85.46
1100,2023-12-08,7,1,2,86.28
1244,2023-04-11,6,7,1,3940.34
1331,2024-12-11,4,4,2,8653.18
205,2023-12-13,13,8,1,963.11
778,2023-07-20,5,7,1,9947.09
1176,2024-06-24,14,6,1,82.69
979,2024-04-24,7,3,1,89.28
1166,2023-11-16,10,6,5,533.46
604,2023-09-09,4,7,1,8749.96
346,2024-07-18,10,3,2,515.5
1323,2024-12-05,7,6,2,84.66
1451,2023-07-04,14,5,5,82.09
990,2023-03-14,1,4,2,31274.78
14,2024-06-30,11,3,4,295.4
237,2023-06-06,11,8,1,286.78
475,2023-03-18,11,5,5,300.9
260,2024-08-12,8,7,4,44.05
893,2023-10-10,13,6,4,989.55
1089,2024-04-27,4,5,2,9014.32
663,2023-12-06,5,4,2,10187.0
595,2024-01-08,8,3,2,46.94
579,2023-06-26,13,2,1,1007.73
851,2024-04-10,14,1,3,75.87
400,2023-06-30,15,1,4,204.73
1067,2023-11-08,13,5,4,965.68
1463,2024-03-18,11,5,5,287.98
972,2023-04-02,6,8,1,4064.19
701,2024-01-31,2,4,1,55800.44
651,2024-05-23,4,2,1,8852.28
826,2024-02-05,13,5,2,978.83
997,2024-03-13,14,3,2,79.39
1256,2024-05-31,1,7,2,30918.84
857,2023-03-20,9,5,2,336.79
1013,2023-05-04,14,4,5,82.39
517,2024-12-28,4,6,1,9149.25
1499,2023-06-15,10,5,1,527.67
1248,2023-07-27,7,1,5,85.08
1497,2024-11-03,8,5,4,47.07
1484,2024-10-27,6,4,1,3910.57
995,2024-06-22,10,3,5,531.93
1155,2023-05-28,11,8,4,313.2
897,2024-08-11,1,3,2,30008.71
276,2023-12-18,15,2,5,201.91
1357,2024-02-19,15,5,2,204.33
719,2023-12-06,7,5,4,92.13
788,2024-12-29,12,4,2,63103.42
658,2023-02-04,7,6,3,93.02
446,2023-04-05,9,4,1,340.92
1099,2023-03-11,7,6,1,85.56
1440,2024-05-19,15,8,2,190.83
1296,2024-09-24,14,8,3,75.78
617,2024-12-03,7,1,2,91.99
813,2023-10-17,1,6,2,29950.43
49,2024-07-23,10,8,2,502.91
9033,,13,2,2,100.0
358,2024-09-13,4,6,2,9417.36
1153,2024-07-22,8,6,4,43.44
646,2024-03-23,13,8,3,966.45
1273,2023-05-06,8,5,4,45.54
766,2023-03-18,12,6,2,63890.99
1240,2024-04-09,1,1,1,28964.48
222,2023-06-01,13,1,3,1034.8
376,2024-06-05,9,5,4,360.02
894,2023-07-25,9,2,1,350.73
607,2023-09-01,8,1,2,45.95
1320,2024-06-26,10,2,5,503.11
999,2024-03-29,15,6,5,208.78
841,2024-10-23,10,5,2,539.31
1364,2024-07-07,9,1,4,362.27
858,2023-06-11,7,2,2,88.24
1211,2024-02-04,14,6,4,75.72
1263,2024-12-08,7,1,3,88.34
703,2024-11-29,1,3,1,30293.32
898,2024-07-26,3,5,2,26107.09
627,2023-07-11,7,8,2,84.86
1490,2024-09-02,11,5,1,298.63
365,2023-08-09,9,1,1,341.37
1047,2024-07-09,4,3,1,9315.97
359,2023-05-14,13,2,3,973.2
178,2024-11-10,13,3,4,1045.44
1330,2023-01-30,12,2,2,62577.02
471,2024-01-22,9,1,1,356.08
452,2024-01-25,8,6,3,43.93
1152,2024-03-21,9,3,4,336.4
769,2024-05-25,8,2,4,46.1
47,2024-02-15,14,3,4,75.07
752,2024-11-24,7,2,1,92.13
1098,2024-10-14,5,4,2,9744.66
474,2024-12-09,14,8,3,75.42
472,2023-03-26,8,7,3,45.3
1428,2024-03-21,13,8,4,960.89
571,2023-05-07,9,7,3,365.17
1112,2023-02-08,13,2,4,999.6
409,2023-09-12,1,7,1,29830.26
1154,2024-11-17,4,1,1,9123.4
457,2023-12-04,6,4,2,4010.21
147,2023-03-03,10,2,2,525.51
8,2024-04-15,9,7,1,350.82
1359,2023-05-18,1,1,1,29984.41
283,2024-12-16,10,3,5,529.84
470,2023-03-24,10,1,1,514.08
515,2024-06-17,8,8,1,44.72
1473,2024-08-05,13,6,3,1007.55
690,2024-05-18,14,2,2,76.11
163,2023-04-01,7,6,1,93.18
878,2024-11-01,5,6,2,9852.41
678,2024-04-04,5,3,1,10298.15
318,2023-02-12,7,5,5,88.09
556,2023-10-18,7,3,5,92.14
768,2023-08-29,3,8,2,23960.46
212,2023-04-29,3,3,2,24874.16
1043,2024-02-01,14,1,5,82.55
991,2023-03-23,8,1,3,45.26
490,2024-02-28,8,2,5,46.82
1017,2024-08-12,8,4,4,44.05
133,2024-08-18,7,6,4,93.42
785,2024-09-15,15,4,3,196.97
699,2024-05-15,10,3,4,523.51
578,2023-05-16,8,7,3,45.21
964,2024-03-29,6,1,1,3974.37
335,2024-05-26,9,2,3,358.6
567,2023-11-03,4,3,1,8602.0
12,2024-01-09,5,6,1,10160.0
888,2023-03-23,10,7,4,524.91
890,2024-03-25,1,5,1,28591.29
883,2024-12-23,8,3,1,46.12
849,2023-02-11,5,8,1,9553.3
559,2024-03-14,5,3,2,9649.32
537,2024-05-22,9,2,5,335.54
891,2024-09-05,9,4,5,337.46
963,2023-05-05,15,4,4,204.4
1483,2023-07-12,14,4,4,80.17
870,2023-07-01,8,1,5,45.01
1087,2024-01-04,15,2,3,195.47
72,2023-07-01,14,1,2,80.87
960,2024-05-25,15,8,1,195.62
192,2023-01-10,14,8,3,80.4
28,2024-06-27,15,6,4,189.44
1053,2023-04-20,4,1,2,9084.94
1132,2024-12-17,15,6,3,198.07
1288,2023-02-12,15,3,4,194.23
1061,2023-09-10,8,1,5,46.06
776,2023-10-26,9,6,1,333.15
96,2023-05-05,8,8,5,47.2
312,2023-02-14,10,6,3,531.84
707,2024-06-07,15,6,5,201.93
852,2024-06-17,10,5,3,523.08
112,2024-01-24,7,8,3,87.55
487,2024-03-31,7,5,1,85.73
612,2023-11-19,15,7,3,195.38
1102,2024-10-23,4,3,2,9342.46
548,2023-10-11,14,3,2,77.02
66,2023-09-26,5,8,2,10050.85
1472,2024-06-06,8,2,4,45.72
210,2023-03-06,10,8,3,526.75
969,2023-08-30,10,6,1,501.74
401,2023-07-10,15,5,1,189.23
1169,2024-12-12,15,5,5,194.23
339,2024-07-17,9,5,2,356.39
158,2024-08-12,9,1,3,351.66
1338,2023-10-12,15,6,3,192.25
1128,2023-12-07,14,2,4,79.54
1460,2024-09-08,8,7,3,43.55
24,2024-07-03,12,6,1,63647.96
1371,2023-01-29,9,3,3,343.73
917,2023-09-23,5,5,1,9759.64
551,2024-10-10,13,2,4,1000.56
966,2023-11-16,15,3,1,203.87
1138,2023-12-15,5,7,2,10057.14
430,2023-01-24,15,8,5,197.49
231,2023-11-26,10,2,2,507.32
1221,2023-11-11,14,2,4,79.88
921,2023-04-13,11,4,5,296.97
1369,2023-06-10,9,7,3,348.81
10,2023-03-13,2,4,2,57658.23
782,2023-02-19,9,7,5,348.4
132,2023-04-06,7,7,2,87.28
592,2023-02-26,8,3,3,43.46
9892,,2,3,3,100.0
1453,2023-03-20,6,8,1,4144.56
808,2024-02-18,3,4,1,25398.17
572,2023-11-19,13,4,3,1013.45
461,2023-03-18,15,1,1,197.26
1005,2023-08-16,5,6,1,10261.25
1444,2023-09-28,9,7,2,342.56
428,2024-11-08,14,3,3,75.99
1118,2023-02-17,4,5,1,9059.73
193,2023-06-11,3,6,2,25337.21
1367,2023-05-18,7,7,4,91.35
998,2024-05-31,7,3,5,93.44
1018,2024-02-08,4,6,1,8968.29
473,2023-04-08,14,1,2,76.72
1091,2024-10-06,9,2,4,356.82
566,2023-08-23,8,2,1,44.16
754,2024-03-24,15,5,1,196.47
1215,2024-04-05,15,1,1,195.8
904,2023-04-06,8,6,1,45.25
1416,2023-04-13,14,5,5,75.57
1401,2023-04-03,8,3,2,43.25
233,2024-06-27,7,7,1,91.61
1397,2023-10-07,4,5,2,9132.64
408,2024-02-15,10,3,2,517.83
750,2024-04-12,15,5,3,198.29
1443,2024-03-16,7,5,5,91.93
1424,2024-08-07,6,1,1,4152.33
935,2024-01-07,12,8,4,62827.9
1347,2023-04-29,8,8,5,46.06
416,2023-08-12,13,2,5,993.68
414,2023-08-15,5,3,2,9643.53
355,2024-07-12,7,5,4,86.73
289,2024-09-24,4,7,1,8686.36
1372,2024-08-20,1,6,2,28782.45
9986,,14,2,1,100.0
268,2024-10-05,8,8,5,45.64
557,2023-12-18,14,1,1,75.84
142,2023-02-22,6,8,1,4118.52
619,2023-02-20,11,5,2,284.98
196,2024-01-03,9,5,1,365.68
282,2024-11-10,4,6,2,9410.46
9441,,2,4,1,100.0
257,2024-05-24,12,3,2,64211.47
338,2024-03-31,15,6,3,203.17
202,2023-05-15,3,5,2,25608.45
1014,2024-10-11,13,7,1,979.5
873,2024-12-15,9,4,4,359.11
1198,2023-03-03,6,5,1,3966.29
40,2024-11-05,8,7,4,44.85
1147,2024-11-26,7,7,3,93.36
74,2024-12-19,4,1,2,8740.47
1447,2023-02-25,6,1,2,3894.33
101,2024-12-31,7,5,3,87.4
234,2023-04-28,14,4,4,78.62
1308,2024-04-18,11,3,2,289.61
81,2023-07-14,6,7,1,3997.95
1189,2024-11-19,1,2,1,29723.84
905,2023-07-02,8,6,2,46.77
1315,2024-08-18,8,7,3,45.58
751,2023-04-13,13,1,3,985.04
85,2023-10-30,9,4,4,354.76
368,2024-01-10,2,1,1,54234.02
78,2023-01-29,4,5,1,9062.45
1360,2023-01-28,15,7,5,202.57
1309,2024-01-26,7,8,1,91.87
240,2024-11-12,15,7,1,208.32
1028,2023-06-09,12,2,1,66547.04
725,2023-07-01,7,1,1,88.57
26,2024-06-03,15,5,5,201.17
392,2024-03-28,10,8,2,503.54
280,2023-04-07,9,7,3,340.34
325,2023-04-16,3,5,2,24854.84
510,2024-03-16,4,2,2,8740.08
377,2024-01-13,7,2,4,89.74
419,2024-06-16,8,4,5,44.95
978,2024-12-14,8,3,5,44.31
862,2023-02-10,14,3,1,76.36
462,2024-10-07,6,3,1,3877.77
437,2023-10-24,6,6,2,3885.02
1317,2024-08-12,1,5,1,30234.88
1032,2023-09-22,9,3,1,344.69
525,2024-09-17,8,2,3,44.33
1295,2023-05-23,11,2,3,284.79
43,2024-07-03,8,7,2,44.0
713,2024-02-19,8,1,5,45.94
840,2024-01-03,13,8,5,959.92
361,2023-10-25,15,7,2,208.21
727,2024-05-16,13,2,2,1010.44
916,2023-08-04,8,2,3,44.38
303,2024-04-28,11,3,4,297.46
1027,2023-02-15,15,4,2,202.69
138,2023-10-31,6,3,2,3796.15
87,2024-02-20,9,1,3,341.56
1264,2023-10-04,11,4,1,302.6
1345,2023-11-18,4,2,1,8986.24
772,2024-11-01,11,6,3,308.73
161,2024-02-23,7,2,2,87.49
586,2024-09-18,10,5,2,499.25
994,2024-06-15,3,4,2,24213.96
1156,2023-05-20,3,7,2,25973.56
1344,2024-01-24,8,4,4,43.26
224,2023-01-27,4,6,1,9069.88
406,2023-10-30,9,4,2,352.87
241,2024-09-06,7,2,5,89.07
1039,2024-04-13,9,1,1,340.18
1188,2024-06-16,7,3,3,89.42
1044,2023-08-19,4,7,1,8619.43
213,2024-11-17,15,7,5,203.82
38,2024-11-16,8,3,5,45.34
666,2023-01-04,8,5,5,44.91
900,2024-07-30,8,4,3,47.08
654,2023-04-21,11,1,4,297.15
411,2023-01-12,6,6,1,3815.29
596,2023-02-06,9,7,2,342.78
275,2024-05-28,4,1,2,8633.55
486,2023-11-21,7,2,1,92.94
507,2024-01-04,11,2,1,307.04
1445,2024-05-18,13,3,5,1034.27
763,2023-09-12,8,7,2,46.53
539,2023-02-12,13,8,5,970.88
383,2024-09-18,15,1,2,199.37
330,2024-11-25,13,1,2,955.77
1148,2024-08-19,1,7,1,31047.16
954,2024-06-28,13,7,2,1034.31
1070,2023-04-26,5,3,2,9903.65
511,2024-06-15,9,4,4,344.61
762,2024-12-05,11,2,4,303.84
923,2023-06-30,8,3,5,45.15
661,2024-09-20,14,1,4,82.5
398,2024-10-23,2,2,1,55183.3
918,2024-09-19,7,3,4,88.32
1180,2023-04-29,2,8,2,54859.3
965,2023-04-07,9,4,4,345.13
630,2024-03-05,5,4,1,10478.91
680,2024-10-04,4,5,2,9359.31
482,2023-10-07,13,8,4,971.84
84,2023-11-04,9,7,3,345.59
215,2023-10-14,1,6,1,29820.21
501,2024-07-31,5,3,1,10442.55
8350,2024-06-15,999,5,1,100.0
521,2024-09-20,14,8,5,78.44
925,2024-08-04,2,2,1,52570.64
1356,2024-10-21,15,6,4,202.32
9646,,2,4,2,100.0
55,2023-11-18,6,7,1,4058.5
1023,2023-11-28,11,2,1,304.14
336,2024-12-21,8,5,4,43.65
1037,2024-06-04,15,2,3,198.69
971,2023-02-13,9,8,5,336.96
549,2024-12-29,7,4,4,88.91
867,2023-09-28,5,6,2,10086.44
1337,2023-07-09,11,1,1,288.4
855,2023-12-28,14,6,4,81.31
1462,2024-02-17,7,3,1,87.21
1324,2024-06-14,7,8,4,87.58
1139,2023-12-17,9,4,2,354.68
1389,2024-11-07,15,8,3,207.7
961,2023-05-30,2,7,1,55227.51
326,2024-03-12,5,8,2,9937.18
384,2024-07-28,7,8,5,87.9
1332,2023-05-14,15,7,1,190.6
1272,2024-01-17,7,8,5,89.24
546,2023-10-27,7,5,5,93.32
197,2024-11-05,8,1,5,46.64
195,2024-01-29,14,2,2,78.06
1072,2023-04-03,6,3,1,3826.89
148,2023-09-28,10,3,2,502.07
122,2024-08-02,13,6,5,991.84
989,2024-08-27,6,6,1,4032.28
729,2023-02-08,9,6,1,362.68
445,2023-07-28,7,2,4,92.09
838,2023-11-17,6,4,2,3900.9
540,2024-03-11,4,4,2,9326.95
176,2023-07-13,15,4,5,196.67
677,2024-06-13,13,3,1,1043.88
382,2023-11-18,8,7,2,44.6
379,2024-08-15,9,1,5,348.32
246,2023-11-13,15,6,1,192.66
468,2023-10-01,13,2,3,1044.88
313,2024-01-01,13,6,2,1022.27
1406,2024-08-26,2,6,1,53980.88
1228,2024-08-18,1,2,2,30822.71
114,2024-04-26,1,1,2,29162.94
671,2024-04-21,6,5,1,3850.8
389,2023-12-24,9,5,3,335.8
913,2024-06-22,13,8,5,952.3
1271,2023-10-01,8,7,3,43.0
22,2024-11-27,8,2,4,44.47
1479,2023-01-06,8,1,2,45.7
1305,2024-09-04,3,4,2,24926.56
181,2024-02-24,14,3,1,78.76
23,2024-04-24,9,1,1,355.34
874,2024-01-26,7,2,4,85.74
1300,2024-09-09,10,1,3,513.68
1281,2024-02-26,9,6,4,352.26
568,2024-07-30,1,3,2,29543.71
947,2023-09-24,5,1,1,10013.29
804,2023-09-19,1,8,1,28610.28
737,2024-12-29,10,1,4,538.54
269,2024-10-01,7,6,2,88.46
845,2023-08-17,14,5,2,78.72
179,2023-05-10,8,6,1,46.68
291,2024-01-09,11,4,4,302.31
1418,2023-02-23,10,3,4,534.1
1239,2023-10-19,5,5,2,10106.7
820,2023-08-22,14,7,4,78.61
45,2024-07-17,3,1,1,26055.49
1266,2024-11-21,7,1,1,87.96
784,2023-05-12,4,6,2,8916.88
600,2023-10-17,13,5,3,957.68
647,2024-07-29,11,6,2,303.95
200,2024-09-27,6,3,1,4150.96
451,2024-12-21,5,4,2,10265.24
298,2023-06-14,7,3,4,85.37
146,2024-03-29,7,7,3,89.61
118,2024-01-13,5,2,1,10454.26
1080,2023-01-06,10,8,2,504.31
31,2024-06-29,13,3,4,1043.64
951,2023-07-13,8,7,4,43.87
1088,2024-01-24,14,7,5,75.56
957,2023-06-05,2,1,1,57587.36
1225,2023-11-26,14,4,1,79.74
7,2024-01-25,3,6,2,25757.51
1394,2024-10-23,5,4,2,9728.74
410,2023-10-01,15,5,5,203.44
211,2023-04-30,4,1,2,9435.84
385,2023-06-27,8,6,5,44.34
758,2024-08-27,8,8,2,45.5
827,2024-10-25,7,1,5,92.34
1498,2024-11-20,10,6,4,534.56
787,2024-09-08,11,5,5,309.79
753,2023-02-16,1,3,1,29476.15
919,2024-03-05,11,6,3,309.59
1020,2024-03-20,13,3,2,997.09
219,2024-10-19,10,1,1,533.88
958,2023-10-16,7,8,1,86.62
478,2024-07-31,6,7,2,3943.65
1203,2023-01-20,14,3,1,82.42
860,2024-08-27,5,7,1,9733.93
229,2023-02-01,2,8,2,54584.58
655,2024-03-05,15,7,4,206.6
4,2024-10-27,11,7,2,297.48
225,2023-01-17,5,1,1,10231.48
1407,2024-03-09,8,4,3,46.71
44,2023-09-13,14,2,4,81.43
1064,2024-04-12,14,1,2,79.15
466,2024-12-15,11,3,1,311.5
108,2024-03-22,8,7,3,45.76
1117,2023-02-15,11,2,3,298.01
8156,2024-06-15,999,7,1,100.0
1085,2023-02-20,4,3,1,9144.71
307,2024-09-29,8,2,4,45.44
631,2024-12-31,7,8,3,92.67
344,2024-02-24,14,2,2,82.73
580,2023-01-15,6,1,1,4169.02
1000,2023-11-29,14,7,4,81.58
1287,2024-12-10,14,3,2,76.93
710,2024-10-29,7,3,5,91.36
1252,2023-08-24,3,8,1,25218.86
1423,2024-02-29,7,7,4,92.96
709,2023-10-11,10,5,3,527.1
712,2023-01-27,10,5,3,540.12
488,2023-07-11,8,7,1,42.87
684,2024-08-19,13,2,1,1005.26
194,2024-03-10,11,8,3,290.01
1077,2023-02-22,8,5,4,44.05
71,2024-02-21,15,3,2,206.26
1119,2023-11-16,10,4,3,503.46
207,2024-02-09,1,2,2,29595.89
1219,2024-05-15,10,8,5,495.43
206,2023-08-20,14,7,5,77.94
1399,2023-02-26,14,2,3,79.8
353,2024-10-18,13,5,2,1025.67
433,2024-03-05,10,1,2,503.75
1016,2023-08-15,4,7,2,9217.3
973,2023-12-13,15,1,1,196.12
1481,2024-09-23,7,7,3,85.33
1297,2023-02-26,10,4,5,520.37
520,2024-02-19,10,3,4,513.58
1354,2023-07-23,7,7,1,86.62
59,2024-01-14,7,8,5,90.81
149,2023-03-18,5,7,2,10179.18
1293,2023-10-24,15,3,5,203.55
674,2024-02-01,14,7,5,80.48
601,2024-04-12,1,4,2,30181.36
531,2023-10-23,4,6,2,9097.35
1124,2023-06-25,3,6,2,23867.26
378,2024-12-05,10,8,3,543.24
8252,2024-06-15,999,8,1,100.0
352,2024-09-11,7,1,1,85.27
1469,2024-03-23,3,8,2,24111.87
317,2024-04-13,1,4,1,30863.04
481,2023-12-15,10,7,3,494.59
151,2024-12-20,14,2,2,82.35
150,2024-04-26,7,4,3,90.84
1008,2023-09-13,6,5,1,4018.12
555,2024-03-15,14,8,3,77.6
598,2024-08-08,7,1,2,86.54
319,2024-07-10,8,1,2,44.04
367,2023-04-21,8,5,3,46.19
1312,2024-10-17,14,8,1,80.22
668,2024-04-29,14,5,4,78.77
526,2024-04-13,10,5,5,523.68
447,2024-11-20,10,1,1,502.82
599,2024-06-12,15,7,1,206.5
320,2023-02-18,14,6,3,76.03
987,2023-07-26,4,4,1,8569.1
62,2023-04-20,12,3,3,63571.63
46,2023-08-31,5,8,2,9704.03
817,2024-12-20,14,7,1,80.95
141,2024-08-10,7,8,4,87.58
249,2024-03-05,8,3,3,44.15
1458,2023-11-29,15,3,2,206.23
456,2024-07-20,15,7,3,192.08
950,2024-03-16,13,4,1,1003.82
743,2023-05-21,8,2,5,45.98
493,2024-03-21,7,5,4,91.52
1456,2024-12-25,10,8,3,523.89
364,2024-05-24,1,7,2,31389.59
1073,2024-12-24,8,6,1,45.11
522,2023-01-05,11,4,3,306.54
653,2023-09-29,5,2,2,9746.9
130,2023-07-15,3,7,2,25127.89
587,2024-12-25,4,1,1,8986.78
9576,,4,8,2,100.0
1270,2024-12-20,5,4,2,9842.86
1457,2023-01-06,7,1,5,93.01
1380,2024-11-14,7,5,3,93.18
608,2023-04-06,1,4,2,30592.34
70,2023-09-13,10,6,5,538.94
731,2023-12-19,7,2,4,89.03
610,2023-05-17,10,7,1,523.77
13,2024-12-19,15,2,5,201.69
106,2023-01-07,15,5,4,206.03
1377,2024-03-07,7,8,5,84.75
198,2023-02-20,14,8,3,81.18
602,2023-11-08,12,4,4,64133.91
1144,2024-08-17,14,1,2,80.27
1446,2024-11-04,10,8,1,502.85
1055,2024-01-03,3,8,1,24995.81
27,2023-06-06,8,3,5,47.04
1161,2024-08-13,7,1,5,88.85
1313,2023-10-22,8,8,2,42.88
1226,2023-12-10,2,5,1,56406.27
348,2023-11-27,15,4,3,207.9
104,2024-07-09,8,1,2,46.5
1006,2024-12-07,14,3,1,75.35
636,2024-02-02,7,3,2,86.66
1374,2023-09-08,6,5,1,4153.75
439,2023-03-04,9,3,4,350.95
815,2023-04-09,5,1,1,9701.07
476,2023-02-03,5,6,1,10451.01
394,2024-08-23,6,1,1,4045.04
465,2023-10-09,9,5,1,349.08
1045,2024-01-27,9,4,4,339.94
639,2024-05-19,9,3,4,332.87
676,2024-02-09,14,1,5,79.56
807,2023-07-08,9,3,4,350.5
614,2024-08-21,4,2,1,8944.66
1059,2023-08-16,12,4,2,62170.32
239,2024-07-23,2,6,1,54499.54
1480,2024-04-16,11,8,3,302.54
1238,2023-06-13,10,1,1,526.52
1284,2023-08-21,8,5,1,43.42
99,2024-05-01,8,4,3,46.2
412,2023-05-02,8,3,4,45.84
391,2023-05-30,7,5,1,87.63
1392,2023-06-04,12,5,4,64406.78
302,2024-10-27,7,3,2,84.89
54,2024-09-26,3,6,2,24250.94
1143,2024-10-22,10,2,2,535.45
1029,2023-09-06,15,3,3,189.32
694,2023-06-12,2,7,1,56532.56
105,2024-02-03,14,1,5,78.06
68,2024-08-19,9,7,2,333.01
443,2023-05-28,13,1,5,990.28
642,2023-07-01,15,6,1,189.49
626,2024-01-27,11,3,3,290.47
309,2023-01-02,10,4,5,514.67
57,2024-07-30,15,2,5,193.29
1092,2024-09-11,15,5,4,201.17
822,2024-07-01,1,2,1,30592.45
1130,2024-12-01,10,8,4,505.07
1114,2024-05-10,11,5,3,288.33
131,2023-09-04,11,8,4,307.76
802,2024-11-30,3,3,1,24683.12
1358,2023-04-21,4,8,2,8748.01
711,2023-02-28,13,7,3,1017.06
869,2023-07-27,9,7,2,352.68
1113,2024-05-09,14,3,2,77.74
321,2024-01-12,8,7,4,46.78
387,2023-09-10,7,5,2,92.93
35,2023-03-07,7,4,5,86.51
939,2024-02-11,9,2,1,340.71
63,2023-08-04,11,4,3,299.16
88,2024-03-16,13,6,4,993.18
1393,2023-03-07,10,7,3,535.8
1165,2024-11-10,15,2,5,204.93
458,2024-12-02,7,8,4,88.65
641,2023-01-01,7,4,2,87.58
1433,2023-09-12,7,8,1,84.64
1257,2024-12-14,14,8,4,76.95
450,2023-05-01,12,8,2,66261.38
1316,2024-05-02,15,2,3,199.25
615,2023-11-18,8,6,2,44.78
795,2024-12-08,13,4,5,952.28
75,2024-04-16,7,4,2,84.76
967,2024-07-16,9,5,4,353.83
243,2024-07-23,7,5,5,86.56
814,2023-10-31,14,4,3,79.11
533,2024-01-29,15,8,4,202.68
342,2024-07-21,9,8,5,336.08
842,2023-07-21,6,2,1,4146.45
1224,2024-11-25,8,2,5,45.21
853,2024-08-06,5,7,2,10077.59
349,2024-06-15,14,2,3,76.6
982,2024-09-26,14,4,3,80.75
245,2024-12-11,7,3,3,90.8
1333,2024-05-10,12,1,2,62441.21
111,2024-03-14,4,8,1,8585.71
1282,2024-12-14,9,8,4,342.16
513,2024-05-09,4,7,1,8644.85
685,2023-04-14,13,6,4,975.44
1246,2023-05-29,5,8,1,9877.44
1142,2024-02-20,3,2,2,24558.69
983,2024-11-05,15,7,2,199.48
1476,2024-04-10,12,8,5,66990.61
199,2023-08-24,10,6,2,526.09
129,2023-09-22,7,5,5,84.64
637,2023-11-22,13,6,5,951.87
675,2024-05-01,9,4,4,341.98
9801,,10,2,3,100.0
404,2024-04-24,7,2,3,86.0
512,2024-04-19,13,3,3,1048.72
153,2023-08-19,10,5,2,496.76
1348,2024-12-04,15,8,2,200.07
463,2024-04-11,7,8,4,84.69
52,2023-03-24,14,2,5,75.59
1496,2024-08-24,14,6,5,81.79
1465,2024-02-02,8,7,1,46.15
399,2023-02-08,15,3,4,206.61
803,2024-03-14,7,5,2,85.98
1427,2023-06-24,15,2,1,203.35
648,2023-06-29,8,5,2,43.55
1303,2024-03-30,12,7,4,63616.33
861,2023-05-11,9,3,2,353.52
570,2024-03-29,14,2,1,76.16
97,2024-09-01,7,8,5,91.8
460,2024-07-09,15,1,5,189.72
90,2023-10-18,9,6,1,360.11
8088,2024-06-15,999,5,1,100.0
1015,2023-02-12,7,3,3,89.02
956,2023-10-06,11,8,2,293.64
250,2023-11-29,13,2,1,964.59
1454,2023-01-27,7,2,4,87.87
1276,2023-03-20,4,5,1,9167.18
886,2024-10-13,1,2,1,29905.03
662,2023-06-18,10,7,2,495.83
1212,2024-10-09,8,4,2,42.91
875,2024-05-03,13,2,3,1008.82
1126,2023-03-30,8,3,5,46.76
930,2024-06-06,8,8,1,44.46
518,2023-06-18,15,4,5,192.52
1486,2023-06-06,12,8,4,64804.71
1095,2024-09-16,6,5,1,3791.13
562,2023-11-09,11,4,4,303.65
467,2024-06-20,4,4,2,9273.38
1438,2024-09-26,8,7,3,43.35
1368,2024-08-05,11,8,4,300.86
1074,2024-01-29,11,3,4,300.51
263,2023-04-19,6,7,1,3948.41
134,2024-07-17,7,8,3,87.28
360,2023-05-06,7,4,2,85.41
397,2024-05-02,8,4,3,44.2
350,2024-07-18,7,5,5,89.3
1477,2023-12-16,15,3,2,192.73
1179,2023-06-21,5,6,1,10132.12
1289,2023-07-08,5,1,2,10467.54
228,2024-09-21,1,5,2,30419.88
812,2023-11-25,8,2,4,43.9
402,2024-08-04,10,6,3,516.63
15,2024-10-17,11,4,3,309.25
429,2024-07-04,8,3,2,46.51
1254,2024-03-20,9,3,5,362.9
575,2023-07-13,12,5,1,66834.43
1467,2024-06-09,7,8,2,90.31
744,2023-05-01,7,2,4,86.32
1012,2023-12-09,7,7,4,92.83
480,2023-12-21,2,7,1,56852.37
453,2024-06-09,14,8,1,81.39
621,2023-05-24,4,1,1,8658.01
185,2024-10-08,11,5,2,306.38
393,2024-07-05,7,5,2,85.52
733,2024-04-11,11,6,4,310.6
576,2023-09-03,8,2,2,45.0
41,2023-02-25,11,2,1,296.09
454,2024-04-25,13,6,2,986.08
1123,2024-07-16,7,3,3,89.66
911,2024-05-19,14,5,4,76.49
396,2023-05-21,1,3,2,30448.53
759,2024-01-03,10,3,4,540.82
948,2023-05-20,7,8,5,84.62
1431,2023-10-17,11,4,4,289.44
18,2024-02-10,14,8,2,77.14
363,2024-05-25,15,8,4,206.54
793,2023-02-24,10,4,3,531.98
734,2023-05-18,7,8,3,91.23
771,2023-01-01,14,5,5,79.49
723,2024-08-06,14,8,2,77.55
253,2024-06-08,4,7,1,8795.14
912,2024-06-07,7,4,5,85.69
64,2023-09-15,14,1,1,80.06
1104,2023-02-27,14,5,5,80.78
159,2023-06-29,8,8,3,43.57
167,2024-12-16,8,1,5,46.35
1103,2024-07-03,14,8,4,82.38
805,2023-11-27,10,5,4,534.05
1326,2024-07-26,10,2,4,516.95
8142,2024-06-15,999,7,1,100.0
356,2024-12-02,8,8,1,45.85
20,2024-08-20,8,4,2,45.04
9,2024-10-05,10,6,5,503.03
1390,2024-06-29,13,7,5,1021.64
1325,2023-06-16,4,3,1,9288.08
274,2023-02-12,8,4,3,45.47
33,2024-12-07,5,5,2,10484.65
673,2024-02-28,15,4,5,190.26
942,2023-06-24,1,6,2,31082.36
1141,2024-04-19,7,2,4,86.12
700,2023-12-25,7,5,1,87.09
659,2023-03-17,7,7,2,91.06
504,2023-11-07,6,3,2,4105.34
1160,2023-08-31,11,5,4,311.75
928,2023-05-05,7,4,5,89.68
536,2023-08-19,9,3,4,351.29
702,2024-11-24,5,7,1,10354.27
1200,2024-10-22,8,3,5,46.21
1383,2023-04-05,11,2,5,294.12
432,2023-10-10,5,2,1,10299.17
885,2024-02-15,13,1,2,987.92
1488,2024-02-06,2,1,1,55707.12
1140,2023-03-21,12,8,1,65588.97
1410,2024-01-29,7,6,1,89.31
252,2024-03-10,8,8,4,43.98
9368,,15,5,2,100.0
1232,2024-06-19,8,4,2,45.5
616,2024-04-19,7,2,1,85.95
144,2024-07-30,15,2,2,191.41
1094,2024-05-23,9,8,4,359.75
331,2024-10-22,7,7,5,84.84
1291,2023-01-26,8,8,2,47.02
577,2024-08-31,3,1,2,26074.38
1046,2023-06-06,8,5,5,44.23
1361,2023-06-06,7,2,1,90.43
720,2024-04-26,2,2,2,57131.45
779,2023-07-15,11,2,4,285.44
514,2023-05-26,7,6,4,91.53
560,2023-10-08,3,6,2,23946.47
988,2024-10-19,14,8,5,79.98
124,2024-05-16,4,6,2,9176.37
2,2023-04-15,11,2,5,296.67
343,2023-03-30,2,7,2,55131.3
593,2023-04-16,14,2,2,80.9
1199,2024-05-18,15,4,5,196.86
3,2023-01-31,3,4,1,25143.05
86,2024-01-24,11,3,5,301.07
926,2023-09-18,8,2,4,46.1
1186,2023-10-07,7,5,1,86.82
1375,2023-03-09,14,2,3,76.39
1466,2024-01-13,10,7,4,497.87
1262,2024-01-15,10,1,1,513.03
1237,2023-07-18,4,3,2,8987.77
1107,2023-10-15,14,6,4,80.0
765,2023-06-10,9,8,4,361.89
1218,2024-08-16,6,2,1,4083.95
417,2024-12-21,7,2,1,91.93
1025,2024-11-02,1,5,1,31452.47
172,2024-09-05,9,3,1,341.19
1388,2023-01-20,10,3,5,518.96
1411,2023-08-31,14,7,1,82.24
1164,2024-06-19,14,2,2,78.78
1493,2024-10-25,8,8,1,44.98
258,2024-12-21,6,6,1,3948.93
1137,2023-09-02,10,3,4,512.97
505,2023-03-17,8,8,5,44.55
208,2024-11-19,6,7,2,3833.73
1135,2024-06-04,4,2,2,9040.48
1202,2023-04-16,1,2,2,30821.43
1265,2023-12-10,11,1,5,312.32
1417,2024-03-06,10,6,4,529.13
1229,2023-01-17,14,2,1,75.11
60,2024-09-18,15,1,5,195.01
992,2024-03-01,14,1,5,77.15
135,2023-08-25,4,4,2,8647.98
834,2024-05-13,15,6,2,202.41
1133,2023-01-31,2,2,2,54872.61
952,2024-10-23,8,7,2,43.93
652,2023-11-24,5,2,2,9936.68
125,2024-03-21,5,5,2,9954.91
552,2023-10-12,11,6,4,312.46
236,2023-04-08,7,6,3,87.88
789,2023-10-25,11,3,2,299.12
1307,2023-04-01,1,5,2,29015.0
1042,2023-08-30,15,5,1,201.5
1010,2023-06-27,8,2,5,45.64
485,2023-03-26,7,7,2,91.13
1201,2023-08-12,10,2,4,530.18
491,2023-09-06,9,3,4,337.47
415,2024-09-12,7,8,5,91.69
107,2024-03-05,9,4,4,339.21
1350,2024-05-02,15,6,2,189.3
770,2023-01-19,4,7,1,9041.36
529,2024-09-02,4,7,2,8707.49
664,2024-07-07,7,5,3,86.66
846,2024-06-06,3,6,1,25396.53
1432,2023-05-30,1,5,1,30342.92
656,2023-12-26,9,2,4,359.08
203,2023-06-29,5,6,2,10320.14
1464,2024-11-12,3,6,1,24964.07
1474,2024-05-30,1,8,1,30848.25
120,2024-01-20,8,4,1,45.41
56,2023-11-04,8,2,1,44.81
372,2023-05-28,5,7,1,9535.76
1301,2024-03-13,7,6,1,87.08
121,2024-10-04,6,5,1,4108.19
347,2023-02-26,14,3,3,76.35
835,2023-08-29,4,2,1,8826.19
629,2024-07-17,8,2,3,44.47
316,2024-05-05,10,3,1,530.21
184,2024-05-14,14,1,5,75.59
524,2024-04-13,4,8,2,9077.18
1327,2023-03-20,4,3,1,8971.59
295,2024-05-29,9,3,2,359.51
585,2023-09-02,2,2,2,52878.31
345,2024-10-19,3,8,2,24061.21
1277,2024-05-23,4,4,1,8804.06
204,2023-09-21,15,8,3,203.91
235,2023-08-22,8,8,4,44.62
187,2023-11-03,14,1,3,81.34
527,2024-11-19,4,2,1,8815.04
783,2024-06-04,13,3,5,966.4
650,2024-09-08,7,4,5,85.48
1082,2024-09-06,1,5,1,28637.21
50,2023-08-11,15,1,3,190.19
850,2024-01-14,6,4,2,3945.35
370,2024-09-30,11,2,2,313.2
896,2023-10-11,6,4,2,4161.46
697,2024-01-05,11,5,3,308.67
1450,2023-06-01,4,2,1,9320.99
1007,2023-12-31,5,5,2,10379.24
93,2024-10-06,9,7,4,345.5
1207,2024-05-08,4,6,2,9153.47
9043,,9,2,1,100.0
657,2024-08-14,10,4,2,516.47
1243,2024-11-24,14,4,1,77.63
1419,2023-05-20,1,4,2,29431.35
9453,,13,8,3,100.0
910,2024-07-08,15,8,3,201.4
1187,2024-08-21,8,4,5,46.22
503,2024-12-10,3,7,2,24088.31
422,2023-11-12,11,7,3,308.46
564,2024-08-30,6,8,1,3793.72
1269,2023-09-02,9,8,5,361.95
369,2023-10-23,3,8,2,25802.95
1090,2024-06-21,5,4,1,9599.69
247,2023-05-27,9,7,1,336.5
39,2023-09-06,13,7,2,958.47
1030,2024-12-11,13,5,4,996.12
975,2023-11-21,15,6,4,203.64
388,2023-11-01,13,4,4,980.72
1069,2024-04-19,14,8,1,80.76
1168,2024-03-07,7,5,3,86.04
109,2024-02-19,11,8,2,313.37
1182,2024-02-04,8,3,5,46.67
1110,2023-03-30,8,4,3,44.78
1268,2024-07-26,11,4,2,313.39
1402,2024-05-27,15,5,4,206.65
175,2024-05-10,7,7,4,92.85
1146,2023-07-20,5,6,2,10060.21
1434,2023-05-17,14,7,2,80.69
1150,2024-01-03,4,5,1,8751.98
633,2024-09-03,5,5,1,10298.35
1172,2023-05-10,9,5,3,336.18
51,2024-08-21,8,3,1,47.07
340,2024-12-18,10,6,5,504.69
182,2023-09-29,7,7,1,92.13
569,2023-08-07,10,3,4,525.02
908,2023-09-13,14,6,2,81.2
94,2023-06-01,10,1,1,533.45
9215,,9,1,1,100.0
1425,2024-04-18,5,3,1,9891.13
810,2024-07-28,14,1,1,80.33
477,2024-08-24,4,7,1,8809.55
794,2023-06-14,15,5,2,205.75
8807,2024-06-15,999,4,1,100.0
1278,2024-11-29,9,3,4,343.65
1280,2023-01-23,14,4,5,80.14
183,2024-11-21,14,7,3,80.0
667,2023-04-10,1,3,2,31420.7
306,2023-09-01,7,1,2,88.29
1430,2024-01-27,4,4,1,9435.19
922,2024-01-26,5,3,2,10295.36
944,2024-12-15,9,8,5,346.73
1376,2024-07-05,7,8,4,89.61
1034,2023-07-25,13,5,1,995.5
284,2023-03-28,7,7,3,91.79
272,2023-02-28,7,5,1,90.29
1241,2023-01-30,8,2,1,46.78
974,2023-06-07,11,2,2,298.64
773,2023-08-17,14,6,5,81.11
692,2024-09-11,10,4,4,504.02
927,2023-09-24,7,5,3,84.73
1422,2023-05-17,6,6,2,3869.77
635,2024-11-03,6,1,1,4020.2
1412,2024-02-07,15,5,3,190.85
986,2023-03-10,1,3,1,31110.1
856,2024-09-10,1,3,2,28987.15
92,2023-02-17,6,8,1,3972.21
139,2024-06-30,4,1,1,9037.97
715,2024-10-15,13,6,5,979.04
1122,2024-09-29,9,2,2,350.48
251,2024-09-24,2,2,2,54677.18
5,2023-10-12,13,1,2,1018.79
1002,2023-09-18,7,8,4,93.09
375,2023-11-23,5,5,2,9997.31
442,2024-07-04,8,4,3,46.61
581,2024-02-12,9,7,4,356.04
1341,2023-07-16,15,3,5,189.14
100,2024-06-17,8,4,3,44.73
864,2024-10-14,1,5,1,29140.06
1208,2024-02-15,2,2,2,55180.41
292,2024-04-04,6,4,2,4175.77
293,2024-04-25,14,4,3,80.41
1449,2024-01-01,15,8,4,198.86
996,2024-03-01,12,6,4,66306.38
603,2024-05-20,15,4,5,204.18
622,2024-02-15,7,2,5,89.77
767,2023-10-12,2,4,2,54458.12
625,2024-04-17,2,7,2,54968.7
761,2024-11-01,7,4,3,89.17
1362,2024-06-16,13,8,2,978.38
314,2024-10-05,4,6,1,8580.36
1071,2024-04-06,1,8,1,31137.26
83,2024-11-11,15,6,1,203.37
594,2023-01-03,2,1,1,52493.35
1171,2023-10-26,13,1,3,997.48
1355,2024-03-10,11,5,5,301.8
248,2024-10-10,15,2,5,193.33
226,2024-06-22,4,2,2,8943.5
837,2024-08-03,7,6,4,86.05
1233,2023-02-08,10,8,5,542.37
244,2024-03-15,14,1,5,82.39
1386,2024-03-19,10,6,2,514.55
1382,2023-09-29,2,7,1,55675.02
322,2024-01-31,7,3,4,90.71
67,2023-04-25,3,3,1,25826.15
970,2023-10-10,9,7,2,331.86
933,2023-12-18,6,6,2,4073.96
436,2024-07-06,5,1,1,9993.89
242,2023-06-08,10,4,1,511.22
1084,2023-02-03,10,5,3,540.82
1052,2023-11-07,8,5,2,46.26
265,2023-03-20,9,2,5,349.35
938,2023-04-08,2,8,1,52385.48
993,2023-02-11,11,5,1,312.29
261,2024-02-19,1,6,1,30893.67
1036,2023-01-20,7,7,2,93.27
296,2023-05-22,14,1,4,81.96
334,2023-10-13,6,2,1,4084.03
854,2023-03-21,9,7,2,349.57
1003,2023-01-01,11,5,5,284.54
902,2023-03-11,8,4,2,46.35
868,2023-03-12,6,7,1,3833.82
1304,2024-03-10,11,7,2,309.03
1022,2024-06-20,6,2,2,4100.43
1197,2023-03-17,7,1,4,88.01
541,2023-02-03,8,6,1,44.73
809,2023-12-06,7,4,5,89.27
1063,2024-08-08,10,1,5,498.72
1145,2024-04-08,9,7,5,351.72
1205,2024-08-11,1,8,2,29798.24
825,2024-11-07,1,3,1,28899.51
1078,2023-07-05,4,3,1,8543.68
757,2023-06-20,4,1,1,8633.74
160,2024-08-22,8,8,1,44.87
1482,2023-05-19,1,2,1,30577.9
440,2023-02-18,15,7,5,195.39
976,2023-01-22,11,6,2,291.55
267,2023-09-20,5,3,1,9667.47
871,2023-05-01,3,3,1,25982.03
128,2024-05-21,14,3,4,76.73
189,2024-02-26,9,3,2,337.66
168,2024-12-27,5,1,2,9583.62
844,2023-02-07,9,8,2,344.32
872,2024-11-25,10,7,3,538.45
1485,2024-04-19,4,7,1,8645.2
201,2024-10-23,1,8,1,30228.64
931,2023-10-21,8,3,2,45.63
740,2024-03-02,8,2,5,43.89
395,2023-02-23,4,6,2,8630.89
1193,2024-12-26,15,2,5,191.64
8370,2024-06-15,999,4,1,100.0
672,2024-12-14,10,2,3,534.99
216,2023-08-30,14,2,3,79.35
508,2024-11-04,10,3,5,495.35
1500,2023-05-13,5,3,2,9591.3
774,2024-09-06,8,6,4,43.26
287,2024-05-12,5,3,1,9567.59
1378,2023-11-21,8,7,3,45.33
1174,2024-09-10,5,3,2,9859.9
1366,2023-02-06,1,5,1,29964.45
583,2023-03-22,9,4,2,350.27
613,2023-10-06,6,4,1,4101.69
718,2023-08-16,7,5,4,91.56
479,2023-05-24,13,2,5,1023.52
1220,2024-12-19,10,1,2,525.89
1093,2023-11-21,6,6,1,4035.6
1363,2024-05-24,8,5,5,44.3
1286,2024-12-29,9,3,2,360.84
1159,2023-07-10,8,1,5,44.99
1192,2023-02-28,15,4,5,201.75
484,2024-11-07,8,5,2,45.96
695,2024-06-20,14,1,2,76.57
929,2024-10-26,9,5,3,342.9
11,2023-08-27,14,7,3,78.63
1173,2023-10-15,7,5,1,91.15
611,2023-03-05,8,3,2,44.06
920,2023-10-14,8,3,5,45.84
256,2023-05-21,13,5,3,961.04
1334,2024-11-06,9,1,4,335.7
98,2024-05-31,8,8,2,46.1
254,2024-11-25,9,5,1,339.25
726,2023-08-03,13,3,5,1025.42
1040,2024-06-26,7,8,4,91.18
1285,2023-10-19,8,3,5,46.91
532,2024-01-03,15,8,2,192.93
764,2024-07-25,14,1,1,80.13
123,2024-01-15,3,6,1,25863.59
227,2024-01-06,9,2,4,349.13
1035,2023-01-09,3,5,2,25900.34
866,2024-02-25,10,3,5,527.29
623,2023-03-18,1,2,1,31197.09
495,2023-07-20,8,3,3,42.78
530,2024-10-12,9,3,5,337.37
1214,2024-07-07,10,8,5,543.13
1106,2023-12-06,13,6,1,1045.91
58,2023-09-29,4,6,1,9330.96
48,2024-02-04,7,8,3,88.31
328,2023-02-28,3,7,2,25022.7
1302,2023-12-26,7,8,5,85.33
698,2024-06-01,8,2,1,43.84
1068,2023-10-29,10,1,5,539.95
640,2023-02-27,6,4,1,4000.55
1131,2023-08-18,4,5,2,8892.98
1048,2023-11-13,11,3,4,313.82
191,2023-05-27,6,5,2,3892.38
438,2023-05-27,15,4,4,195.03
582,2023-03-26,10,3,3,497.39
1108,2023-06-19,9,7,2,352.32
1066,2024-10-07,15,4,3,197.8
259,2023-02-13,8,8,1,46.63
799,2023-07-27,10,8,2,540.36
686,2024-11-01,8,8,1,43.52
1101,2023-12-13,15,8,4,204.92
9789,,15,5,1,100.0
173,2024-02-29,7,5,1,87.07
618,2023-12-02,4,4,2,8896.72
405,2024-04-14,10,3,1,531.28
829,2023-03-29,7,6,2,88.22
1329,2024-09-03,9,6,2,356.33
708,2024-09-15,7,2,4,85.12
1429,2024-12-31,5,5,2,10236.2
906,2023-10-03,5,4,2,10226.88
1336,2023-05-07,15,4,5,206.98
1267,2024-04-21,10,6,3,502.15
1279,2024-03-30,12,1,3,62969.21
1115,2023-04-11,14,3,2,80.77
421,2024-03-01,8,1,5,44.83
1319,2023-10-07,7,6,1,87.13
914,2023-12-22,8,3,4,47.14
828,2023-05-25,4,1,2,9023.4
1435,2024-12-26,8,5,1,43.18
301,2024-01-19,6,6,1,4125.33
1251,2024-10-15,15,3,5,208.36
1081,2024-11-06,8,7,4,43.11
573,2023-09-12,9,5,1,361.14
17,2023-03-09,5,6,1,10145.28
705,2024-01-21,14,8,3,76.77
643,2024-08-23,11,3,1,309.36
1478,2024-09-10,6,2,2,4003.72
624,2024-03-30,13,2,3,961.29
1134,2023-06-24,7,6,5,89.66
1436,2023-03-02,2,4,2,57234.84
1395,2023-06-03,5,4,2,9954.2
824,2023-11-05,10,5,4,512.85
859,2023-12-05,11,8,4,298.37
606,2024-11-04,8,5,1,43.67
1065,2024-02-10,15,1,5,196.76
9349,,13,6,1,100.0
1461,2024-02-13,3,4,1,24711.37
1294,2024-03-28,7,2,4,92.56
119,2023-04-21,9,5,5,355.19
1177,2024-09-01,15,3,4,204.03
310,2024-11-11,10,6,1,542.53
1314,2023-10-11,8,2,5,46.11
1353,2024-12-12,9,2,2,333.81
76,2023-07-17,8,5,1,47.1
806,2024-07-17,7,6,5,86.51
126,2024-08-29,7,4,1,87.03
889,2024-06-17,7,1,2,90.25
337,2023-05-19,14,8,2,82.15
823,2023-03-16,7,2,3,91.55
645,2023-12-11,7,3,2,91.07
693,2024-02-21,12,6,1,65089.24
174,2023-11-02,14,8,2,78.58
143,2024-02-15,8,1,2,43.42
1060,2024-03-25,14,8,3,81.9
1470,2023-05-11,11,5,2,299.69
21,2023-04-04,12,2,2,65818.27
299,2023-08-16,14,6,1,78.33
907,2023-08-29,11,5,2,290.9
61,2024-11-10,4,3,2,8644.27
741,2024-12-19,4,1,2,8918.86
1398,2023-06-30,10,1,4,533.65
1058,2024-02-23,13,1,3,1043.97
940,2023-06-09,3,7,2,24313.66
839,2024-01-04,4,6,2,8956.6
847,2024-09-20,11,3,4,288.81
